<component name="ProjectRunConfigurationManager">
  <configuration default="false" name="ide" type="#org.jetbrains.idea.devkit.run.PluginConfigurationType">
    <module name="MavenRunHelper" />
    <option name="VM_PARAMETERS"
            value="-Xmx1024m -Xms256m -ea -Didea.is.internal=true -Djava.system.class.loader=com.intellij.util.lang.PathClassLoader"/>
    <option name="PROGRAM_PARAMETERS" value="" />
    <predefined_log_file enabled="true" id="idea.log" />
    <method v="2">
      <option name="Make" enabled="true" />
    </method>
  </configuration>
</component>